{"cameraMode":{"drawMode":0,"name":"Shaded","section":"Shading Mode"},"sceneLighting":true,"audioPlay":false,"sceneViewState":{"m_AlwaysRefresh":false,"showFog":true,"showSkybox":true,"showFlares":true,"showImageEffects":true,"showParticleSystems":true,"showVisualEffectGraphs":true,"m_FxEnabled":true},"in2DMode":false,"pivot":{"x":0.37569522857666018,"y":1.910942554473877,"z":0.7444314956665039},"rotation":{"x":-0.060133300721645358,"y":-0.06822650879621506,"z":0.004120822995901108,"w":-0.9958576560020447},"size":3.86602520942688,"orthographic":false}