{"cameraMode":{"drawMode":0,"name":"Shaded","section":"Shading Mode"},"sceneLighting":true,"audioPlay":false,"sceneViewState":{"m_AlwaysRefresh":false,"showFog":true,"showSkybox":true,"showFlares":true,"showImageEffects":true,"showParticleSystems":true,"showVisualEffectGraphs":true,"m_FxEnabled":true},"in2DMode":false,"pivot":{"x":0.3924281597137451,"y":3.897029399871826,"z":-0.08917045593261719},"rotation":{"x":0.03599008172750473,"y":-0.010492958128452301,"z":0.0003777502861339599,"w":0.9992987513542175},"size":15.39367961883545,"orthographic":true}